Nerta,Johnsson,1979-07-20,1000,10979,id,town hall
Neila,Pulsifer,2000-11-03,1001,13021,id,town hall
Jinny,Aida,1968-06-03,1002,10577,id,town hall
Tressa,Pozzy,1945-12-28,1003,13749,id,police
Priscilla,Plato,1994-07-20,1004,12396,passport,town hall
Tera,Skurnik,1956-06-12,1005,11279,passport,police
Harrietta,Wandie,1967-04-21,1006,18543,id,police
Bibby,Thema,1996-04-17,1007,12344,id,town hall
Wanda,Ader,1959-04-22,1008,11964,id,town hall
Jenilee,Girardo,1973-05-14,1009,17586,id,police
Olivette,Erminia,1954-06-28,1010,12791,id,police
Arlina,Afton,1962-05-19,1011,10872,passport,police
Emilia,Bollay,1952-03-16,1012,18190,id,town hall
Merrie,Markman,1955-07-11,1013,16053,passport,town hall
Annabela,Alva,1995-06-03,1014,15088,passport,police
Romona,Natica,1990-05-11,1015,15940,passport,town hall
Oralee,Pettiford,1941-09-25,1016,12173,passport,town hall
Aigneis,Tatianas,1957-10-23,1017,12177,passport,town hall
Sabina,Phi,1962-07-04,1018,14024,passport,town hall
Rayna,Weitman,1962-08-07,1019,11344,passport,town hall
Renie,Raychel,1967-02-11,1020,15444,passport,police
Lorne,Greenwald,1962-09-03,1021,19390,passport,town hall
Minne,Gavrila,1994-03-24,1022,10792,id,police
Nataline,Nickola,1978-10-24,1023,14138,passport,police
Cassandra,Aloise,1949-09-20,1024,13594,passport,police
Karena,Horan,1979-09-29,1025,14644,id,police
Kary,Granoff,1988-10-07,1026,11155,id,town hall
Mignon,Lacombe,1979-03-15,1027,15282,id,town hall
Tybie,Gino,1985-05-26,1028,15436,passport,police
Bertine,Marden,1955-07-03,1029,14541,id,town hall
Iseabal,Quent,1945-05-01,1030,18112,passport,police
Tonia,Mendez,1973-05-06,1031,10912,passport,police
Lucille,Mintz,1956-10-03,1032,15845,passport,town hall
Fanny,Imelida,1965-03-29,1033,11390,passport,police
Ilse,Tannie,1978-06-29,1034,19164,id,town hall
Tabbatha,Eugenia,1988-12-14,1035,13277,id,town hall
Daphne,Mauer,1961-01-10,1036,12609,id,town hall
Tina,Leifeste,1985-08-12,1037,18310,passport,police
Linet,Alarise,1999-02-15,1038,10904,id,town hall
Addia,Marisa,1991-10-18,1039,14430,id,town hall
Ellette,Naashom,1971-10-01,1040,16943,id,town hall
Latisha,Weitman,1994-02-27,1041,11446,id,town hall
Tierney,Belanger,1951-01-11,1042,15274,passport,police
Taffy,Byrne,1972-06-04,1043,10756,id,town hall
Chere,Pierette,1962-09-11,1044,13056,passport,town hall
Shandie,Thornburg,1956-12-27,1045,11146,id,police
Berta,Barney,1954-01-01,1046,17464,passport,police
Claudina,Isidore,1987-12-16,1047,15982,passport,town hall
Michaelina,Kirstin,1952-05-27,1048,16577,passport,town hall
Korrie,Bluh,1971-08-16,1049,19754,passport,town hall
Raquela,Markman,1992-03-27,1050,19998,id,police
Lanae,Cutlerr,1955-11-01,1051,18752,id,police
Hannis,Jacqui,1993-04-03,1052,18136,passport,police
Aili,Lalitta,1989-01-02,1053,16440,id,police
Gaylene,Jacqui,1948-11-04,1054,17423,id,police
Neila,Carvey,1989-12-27,1055,13119,id,police
Dennie,Sherrie,1958-02-19,1056,17482,passport,town hall
Fidelia,Ioab,1977-05-01,1057,15317,passport,police
Janenna,Maurine,1990-05-03,1058,13124,passport,police
Annice,Voletta,1988-09-04,1059,12311,id,town hall
Lonnie,Honoria,1981-07-02,1060,16293,id,police
Lyssa,Jefferey,1977-01-15,1061,13561,id,police
Madeleine,Doig,1999-05-18,1062,10674,passport,town hall
Arabel,Ventre,1965-10-14,1063,11876,id,town hall
Korrie,Imelida,1963-04-08,1064,13373,id,town hall
Maridel,Braun,1942-04-16,1065,15708,passport,town hall
Kassey,Montgomery,1964-08-19,1066,11878,id,police
Demetris,Brotherson,1998-09-02,1067,18822,id,police
Patricia,Bord,1986-05-18,1068,12807,passport,town hall
Clarice,Gherardo,1993-11-12,1069,19409,passport,town hall
Shaine,Dosia,1996-06-01,1070,10868,id,town hall
Angelique,Frendel,1971-11-19,1071,18948,id,town hall
Kimmy,Selway,1998-01-15,1072,11605,passport,town hall
Lynnea,Adlare,1966-09-21,1073,19578,passport,town hall
Elvira,Garek,1943-04-07,1074,17399,passport,police
Gertrud,Cynar,2000-06-28,1075,19284,passport,town hall
Paola,Ellord,1956-07-11,1076,18468,id,police
Abbie,Euridice,1976-08-29,1077,10565,passport,town hall
Roseline,Baptlsta,1978-10-28,1078,19656,id,town hall
Jacenta,Killigrew,1972-10-22,1079,18667,passport,police
Bee,Marsden,1993-03-28,1080,18634,id,town hall
Ethel,Yate,1940-07-31,1081,11405,id,town hall
Nikki,Himelman,1948-07-25,1082,15552,id,police
Sue,Johanna,1978-04-28,1083,12306,passport,town hall
Marti,Morgun,1963-12-05,1084,19255,id,police
Flory,Carey,1947-08-21,1085,11679,passport,police
Gretal,Isacco,1992-11-22,1086,14773,passport,police
Vivia,Mott,1971-09-11,1087,18642,id,town hall
Rubie,Susannah,1990-05-02,1088,19572,passport,police
Joceline,Trace,1952-07-03,1089,12313,id,town hall
Alisha,Si,1990-05-02,1090,19950,id,town hall
Tamqrah,Cottle,1999-08-21,1091,11957,id,police
Jeanna,Elisha,1950-05-02,1092,17205,id,police
Margette,Mathilde,1982-12-22,1093,12348,id,police
Gale,Grayce,1994-10-02,1094,14672,id,police
Arlina,Croix,1956-09-15,1095,18403,id,police
Clary,Posner,1981-10-07,1096,18636,passport,police
Modestia,Denis,1982-10-01,1097,19186,id,town hall
Jere,Alarise,1949-06-22,1098,15326,passport,police
Yvonne,Stover,1947-08-17,1099,12176,id,police
Vinita,Faria,1972-01-01,1100,18939,id,town hall
Alameda,Lubin,1941-03-14,1101,14186,id,police
Cathie,Hertzfeld,1954-05-28,1102,16650,id,police
Calla,Leler,1946-10-07,1103,11648,passport,police
Ayn,Percy,1997-07-23,1104,19341,id,police
Annora,Myrilla,1988-09-28,1105,13321,id,police
Kirstin,Munn,1953-01-28,1106,18177,passport,police
Rosabelle,Sadowski,1977-01-04,1107,19378,id,town hall
Dulce,Goerke,1968-07-13,1108,17746,id,police
Belva,Camden,1977-11-28,1109,11200,id,town hall
Livvyy,Carolin,1986-05-13,1110,18085,passport,police
Shaylyn,Brittani,1958-04-29,1111,18275,id,town hall
Joane,Chauncey,1953-04-22,1112,11255,id,town hall
Berget,Sadowski,1984-05-21,1113,12512,id,police
Dari,Lareena,1964-09-27,1114,18776,passport,police
Goldie,Iphlgenia,1989-11-16,1115,12924,id,town hall
Kore,Chesna,1989-10-01,1116,15426,passport,town hall
Hayley,Joachim,1986-08-19,1117,17680,id,town hall
Robbi,Behre,1996-09-06,1118,17384,id,police
Fanny,Braun,1953-09-05,1119,13082,id,police
Debee,Ruvolo,1976-08-10,1120,17075,passport,town hall
Jessamyn,Madaih,1987-06-30,1121,16289,id,police
Marline,Eiser,1985-12-18,1122,14266,id,police
Libbie,Chick,1967-08-15,1123,11401,passport,town hall
Jinny,Gwenore,1970-06-30,1124,15877,id,police
Caryl,Simmonds,1970-04-09,1125,12693,passport,town hall
Danika,Burch,1980-04-29,1126,19692,id,police
Elise,Ingra,1975-01-27,1127,11373,id,police
Jessy,Rese,1987-04-10,1128,12065,id,police
Devina,Love,1981-02-07,1129,15754,passport,town hall
Benita,Lorenz,1981-12-06,1130,16623,id,town hall
Orsola,Cullin,1969-07-20,1131,15039,id,police
Michaelina,Burkle,1944-06-25,1132,17704,id,town hall
Jaclyn,Clara,1999-05-20,1133,13589,id,town hall
Tami,Wu,1947-12-24,1134,16069,id,police
Krystle,Kellby,1997-03-20,1135,14466,passport,police
Cassondra,Ummersen,2000-09-11,1136,12472,passport,police
Anica,Guildroy,1942-02-07,1137,10940,passport,police
Joane,Pattin,1941-08-09,1138,19942,passport,town hall
Zaria,Alcott,1944-01-21,1139,14316,id,police
Teriann,Merriott,1963-07-02,1140,16366,id,town hall
Kathy,Kaete,1973-08-08,1141,12653,id,town hall
Angela,Ilka,1974-07-16,1142,14143,passport,police
Carilyn,Nester,1979-07-20,1143,10546,id,police
Gabi,Giff,1941-12-09,1144,15529,passport,town hall
Gui,Burkle,1970-07-08,1145,14432,passport,police
Eugine,Emmaline,1954-08-20,1146,15581,id,police
Kate,Erlandson,1986-01-11,1147,19685,id,town hall
Devina,Grayce,1965-05-14,1148,16745,passport,police
Meghann,Douglass,1990-09-07,1149,17868,passport,police
Loree,Kermit,1985-08-23,1150,17439,passport,town hall
Angelique,Llovera,1984-07-12,1151,12962,id,town hall
Magdalena,Alrich,1979-09-08,1152,18338,id,police
Larine,Pierette,1958-11-21,1153,11905,passport,town hall
Kathy,Kiyoshi,1967-10-07,1154,15929,id,town hall
Selma,Stav,1970-11-30,1155,19572,id,police
Tilly,Lea,1942-06-13,1156,18300,id,town hall
Melanie,Roche,1940-04-22,1157,10682,id,town hall
Trixi,Juan,1944-12-12,1158,14142,passport,town hall
Kristina,Dituri,1993-07-15,1159,11849,id,police
Nyssa,Mayeda,1947-01-13,1160,12362,passport,town hall
Randa,Cynar,1955-05-25,1161,19032,id,town hall
Kathi,Gillan,1940-04-27,1162,13900,passport,police
Roseline,Joni,1958-07-21,1163,16920,passport,town hall
Flory,Bibi,1942-12-29,1164,13424,passport,town hall
Jere,Zola,1945-10-16,1165,19918,passport,town hall
Perry,Niccolo,1970-11-20,1166,12566,id,police
Meg,Brady,1944-09-08,1167,10920,passport,town hall
Kerrin,Hanleigh,1987-02-01,1168,10610,passport,town hall
Lexine,Bonucci,1968-07-12,1169,15297,id,town hall
Meg,Wesle,1955-05-21,1170,18514,id,town hall
Corene,Isidore,1982-04-26,1171,18983,passport,town hall
Juliane,Macey,2000-05-12,1172,14152,id,town hall
Ekaterina,Yoko,1943-08-22,1173,13163,id,police
Lanna,Ellord,1984-11-12,1174,16697,id,town hall
Merrie,Dorine,1950-04-06,1175,19145,id,town hall
Marguerite,Orelee,1976-08-26,1176,14649,passport,police
Gaylene,Mott,1955-07-17,1177,11308,id,police
Annice,Pauly,1974-09-29,1178,13948,passport,police
Elsie,Linskey,1995-01-18,1179,19102,id,police
Cassondra,Ciapas,1985-07-09,1180,13419,id,town hall
Willetta,Hathaway,1946-03-12,1181,13062,id,police
Gretal,Heisel,1961-06-15,1182,19668,id,police
Amara,Jehu,1982-12-09,1183,17468,id,town hall
Harmonia,Mendez,1963-03-09,1184,19882,passport,police
Lyssa,Engdahl,1967-09-04,1185,13888,passport,town hall
Brana,Lareena,1986-02-26,1186,16907,id,police
Marika,Latini,1968-01-29,1187,17854,passport,town hall
Nicoli,Ellerey,1955-12-11,1188,19258,passport,town hall
Ulrike,Florina,1954-11-16,1189,13590,id,police
Lisette,Richers,1959-10-14,1190,12008,id,town hall
Marylou,Darbie,1948-04-23,1191,12667,passport,town hall
Emelina,Ezar,1983-07-26,1192,17927,id,town hall
Belinda,Bobbee,1978-07-11,1193,13570,passport,police
Philis,Ricarda,1958-03-18,1194,16404,id,police
Atlanta,Urias,1948-07-11,1195,17141,passport,town hall
Roberta,Levey,1968-11-26,1196,19744,passport,police
Mara,Atcliffe,1949-07-07,1197,16058,id,town hall
Fanchon,Lewes,2000-09-09,1198,16174,passport,police
Gretal,Linskey,1983-04-01,1199,12656,id,town hall
Sashenka,Edee,1988-04-23,1200,13750,passport,police
Debee,Ogren,1984-03-19,1201,15155,id,town hall
Roz,Hepsibah,1940-10-24,1202,13642,id,police
Genovera,Wittie,1982-03-05,1203,11406,passport,police
Charmaine,Borrell,1984-01-17,1204,15528,id,police
Nessie,Minetta,1944-10-02,1205,13174,passport,town hall
Minne,Zitvaa,1961-10-28,1206,18502,id,town hall
Cristabel,Cynar,1959-08-18,1207,12731,id,police
Nariko,Isidore,1974-08-08,1208,13555,id,town hall
Netty,Gombach,1995-01-17,1209,12857,passport,police
Amalie,Darian,1956-09-25,1210,12967,passport,police
Valeda,Obed,1955-12-02,1211,17007,passport,police
Vita,Cavan,1991-10-03,1212,13420,passport,police
Leanna,Demitria,1956-09-18,1213,11010,id,police
Kimmy,Borrell,1972-01-29,1214,16760,passport,town hall
Rani,Mintz,1957-07-07,1215,14107,id,police
Daphne,Hutchison,1968-07-31,1216,17447,id,police
Correy,Emmy,1989-04-25,1217,12608,id,town hall
Steffane,Romelda,1983-10-31,1218,18757,passport,police
Winifred,Verger,1951-03-08,1219,18837,passport,town hall
Donnie,Mendez,1991-03-21,1220,10935,passport,town hall
Merrie,Garek,1979-06-07,1221,16655,id,town hall
Nannie,Santoro,1991-05-03,1222,15736,id,police
Nanete,Killigrew,1962-09-03,1223,12971,id,police
Maridel,Pelagias,1989-12-01,1224,18069,passport,police
Dawn,Kalinda,1992-05-21,1225,12455,passport,town hall
Gilda,Grobe,1966-08-16,1226,18793,id,town hall
Dania,Gerge,1999-05-15,1227,14235,passport,town hall
Shannah,Cassius,1987-09-04,1228,14267,passport,police
Merle,Gillan,1975-06-04,1229,11160,id,police
Dorice,Chesna,1978-04-08,1230,15334,passport,police
Audrie,Maples,1999-03-25,1231,19812,id,town hall
Sabina,Helve,1963-01-31,1232,12446,id,town hall
Gavrielle,Sophronia,1985-12-04,1233,11677,id,police
Doro,Tremayne,1985-03-18,1234,17346,id,police
Selma,Fontana,1948-07-28,1235,19726,passport,police
Farrah,Posner,1989-07-24,1236,18148,id,town hall
Eve,Therine,1995-04-17,1237,11485,id,town hall
Chere,Nahum,1955-08-14,1238,19756,id,police
Alameda,Kolnick,1946-03-29,1239,13292,id,town hall
Hallie,Cullin,1943-01-08,1240,19946,passport,police
Lorne,Bach,1945-09-25,1241,16772,id,police
Allyce,Blisse,1954-10-05,1242,15654,passport,police
Ayn,Stelle,1940-09-09,1243,11542,passport,town hall
Carly,Lewes,1974-11-21,1244,18765,passport,town hall
Konstance,Haerr,1996-01-30,1245,12633,id,town hall
Mariann,Rona,1976-11-12,1246,13326,passport,town hall
Cherrita,Bethany,1982-09-27,1247,18143,id,police
Olwen,Judye,1947-09-19,1248,18492,id,town hall
Daphne,Bobbee,1963-10-18,1249,18143,id,police
Mariele,Carolin,1982-08-15,1250,18458,passport,town hall
Donnie,Mintz,1991-05-18,1251,16852,passport,town hall
Dolli,Israeli,1973-03-04,1252,14270,passport,town hall
Gusty,Truc,1944-02-20,1253,17061,passport,town hall
Tori,Ciro,1985-07-25,1254,18257,id,police
Marjie,Brian,1984-10-15,1255,16494,id,town hall
Eolanda,Ventre,1969-05-21,1256,12434,id,town hall
Di,Obed,1994-02-14,1257,16307,passport,town hall
Jenda,Linehan,1981-10-11,1258,11296,id,police
Emelina,Devlen,1981-09-11,1259,10579,id,town hall
Viviene,Sothena,1981-06-07,1260,19611,passport,police
Stacey,Jefferey,1994-09-21,1261,15774,id,town hall
Jessamyn,Redmond,1960-03-03,1262,19808,id,police
Devina,Rosette,1946-09-11,1263,18113,id,town hall
Etta,Presber,1947-11-28,1264,14912,id,police
Hallie,Damarra,1997-10-15,1265,10799,id,town hall
Malina,Pulsifer,1955-10-11,1266,17424,passport,police
Ezmeralda,Himelman,1978-04-10,1267,11065,passport,police
Nessie,Alcott,1989-06-01,1268,11145,id,town hall
Maurene,Claudine,1999-12-18,1269,16245,id,town hall
Trudie,Delila,1966-01-10,1270,15794,id,town hall
Lulita,Adlare,1980-07-05,1271,14597,id,town hall
Hollie,Adrienne,1977-07-10,1272,19290,id,police
Audrie,Zaslow,1942-09-13,1273,10543,id,police
Celestyna,Jotham,1980-09-01,1274,16463,passport,town hall
Elise,Kunin,1977-07-19,1275,14384,passport,police
Ardenia,Miru,1948-07-06,1276,16738,passport,town hall
Britte,Engdahl,1998-07-24,1277,11185,passport,town hall
Abbie,Si,1944-12-18,1278,17883,passport,police
Melanie,Berne,1988-05-22,1279,16609,id,town hall
Roz,Peonir,1987-02-27,1280,12368,passport,police
Deane,Wadell,1954-01-28,1281,17317,passport,town hall
Christian,Camden,1963-09-13,1282,16389,passport,police
Susan,Allare,1947-01-24,1283,11409,id,police
Georgetta,Jacqui,1988-12-03,1284,18391,id,police
Belinda,Artie,1977-12-06,1285,16285,passport,town hall
Nanete,Garek,1985-03-05,1286,11790,id,town hall
Devina,Shanley,1991-01-10,1287,16241,passport,police
Eugine,Arley,1956-01-10,1288,18246,passport,police
Felice,Gaynor,1989-08-27,1289,11187,passport,police
Frieda,Garek,1948-09-08,1290,13152,id,police
Janis,Lenny,1989-02-27,1291,16665,passport,police
Marsiella,Gherardo,1977-08-28,1292,14295,id,town hall
Esmeralda,Lindemann,1996-08-06,1293,11837,passport,town hall
Vevay,Arathorn,1991-08-15,1294,12447,passport,town hall
Sharlene,Ahab,1983-10-03,1295,18605,id,police
Stacey,Kussell,1953-08-01,1296,15255,passport,police
Maryellen,Kaja,1954-06-08,1297,13529,passport,police
Bobinette,Fitzsimmons,1947-07-16,1298,17920,id,police
Lauryn,Melan,1983-02-09,1299,17033,passport,town hall
Linet,Miru,1945-07-19,1300,16130,id,police
Danny,Barrus,1994-09-30,1301,10882,id,town hall
Chastity,Cadmar,1989-06-02,1302,16200,id,police
Mahalia,Baptlsta,1997-10-30,1303,16235,passport,police
Frieda,Hourigan,1988-08-25,1304,19743,passport,police
Rochette,Ambrosia,1998-10-18,1305,11661,id,police
Nerta,Cornelia,1978-05-30,1306,15922,passport,police
Tomasina,Sisile,1976-04-16,1307,15835,id,police
Candy,Couture,1971-01-03,1308,18099,id,police
Cyndie,Medrek,1954-12-27,1309,13249,id,police
Layla,Latini,1992-05-20,1310,13523,passport,town hall
Petronia,Alarise,1990-07-28,1311,16149,passport,police
Diena,Sharl,1958-11-30,1312,14479,id,town hall
Elora,Presber,1941-11-19,1313,16545,id,town hall
Ardenia,Lia,1966-07-29,1314,19172,id,police
Ariela,Cosenza,1984-01-16,1315,16097,id,police
Ana,Corilla,1968-09-24,1316,15436,id,town hall
Viki,Jerold,1996-06-21,1317,13963,passport,police
Bertine,Berriman,1993-08-23,1318,19606,passport,police
Grier,Jethro,1971-06-05,1319,16322,id,town hall
Shirlee,Uird,1962-05-27,1320,17355,passport,police
Arlina,Noelyn,1980-10-01,1321,14654,id,police
Daune,Karl,1993-02-17,1322,13763,id,police
Jaclyn,Ortrude,1956-07-15,1323,10856,id,police
Kayla,Voletta,1945-02-18,1324,10808,passport,town hall
Drucie,Weaks,1994-02-21,1325,13659,id,town hall
Cristine,Colbert,1998-08-03,1326,17702,passport,police
Allyce,Cyrie,1956-12-17,1327,13449,passport,town hall
Kary,Lenny,1977-08-31,1328,14953,id,police
Sallie,Kat,1957-02-19,1329,19643,passport,police
Keelia,Torray,1956-08-22,1330,13355,passport,police
Bobinette,My,2000-03-24,1331,16626,passport,police
Eolanda,Schenck,1986-05-07,1332,17450,passport,town hall
Riannon,Ezar,1981-06-05,1333,11210,id,town hall
Corina,Hermes,1975-11-18,1334,18840,id,town hall
Georgetta,Eiser,1966-01-29,1335,12454,passport,town hall
Madelle,Clarissa,1945-10-09,1336,19399,id,police
Estell,Karl,1974-06-13,1337,19411,id,police
Ethel,Kolnick,1945-02-15,1338,12459,passport,town hall
Dania,Erich,1990-05-18,1339,13521,passport,police
Nariko,Goode,1999-03-25,1340,13556,id,police
Abbie,Lumbard,1995-09-20,1341,15137,id,town hall
Selia,Harriman,1994-02-23,1342,11157,id,town hall
Ardeen,Harriman,1966-08-06,1343,13357,passport,town hall
Tobe,Craggie,1989-09-19,1344,15790,id,town hall
Danika,Sasnett,1967-07-05,1345,13612,id,town hall
Marjie,Lunsford,1981-12-20,1346,15007,id,town hall
Suzette,Jerold,1949-09-13,1347,17608,passport,police
Coral,Armanda,1977-11-09,1348,15751,passport,police
Queenie,Kevon,1984-02-18,1349,18567,id,town hall
Vonny,Earlie,1985-01-15,1350,15717,id,town hall
Annora,Alva,1968-01-16,1351,12822,passport,town hall
Abbie,Allare,1993-05-14,1352,13007,id,police
Jsandye,Joli,1956-12-16,1353,12375,passport,town hall
Siana,Neils,1973-04-08,1354,14284,id,town hall
Correy,Kirstin,1991-10-28,1355,13239,passport,town hall
Ursulina,Gower,1999-10-27,1356,10615,id,police
Carly,Atcliffe,1975-09-30,1357,13840,id,police
Florie,Stav,1981-08-23,1358,11377,passport,police
Ofilia,Emerson,1955-12-27,1359,17814,id,police
Kelly,Persse,1974-12-08,1360,14782,id,town hall
Elmira,Morgun,1974-07-26,1361,18743,id,police
Marline,Buckler,1947-02-15,1362,11728,id,town hall
Diena,Caitlin,1943-08-15,1363,18432,id,police
Neila,Rodmann,1964-10-04,1364,19999,passport,town hall
Korrie,Saint,1983-06-05,1365,16683,passport,police
Hermione,Dorcy,1991-12-28,1366,12611,passport,police
Maridel,Grayce,1979-07-23,1367,14536,passport,police
Jillayne,Donoghue,1982-01-19,1368,18224,passport,town hall
Randa,Bergman,1961-07-09,1369,14471,id,town hall
Olivette,Lilas,1985-12-17,1370,19993,id,police
Charissa,Lymann,1966-11-12,1371,19636,passport,police
Lorie,Lia,1973-04-30,1372,12716,passport,town hall
Deloria,Kaete,1955-11-01,1373,16720,passport,town hall
Miquela,Bollay,1941-02-13,1374,12650,id,police
Cindelyn,Morehouse,1947-07-06,1375,11021,passport,police
Jasmina,Linehan,1982-01-14,1376,15840,passport,town hall
Mathilda,Kaja,1973-03-05,1377,10792,passport,town hall
Sashenka,Grosz,1958-11-11,1378,13382,passport,police
Glynnis,Bahr,1960-08-10,1379,15827,id,town hall
Livvyy,Erb,1958-06-13,1380,14944,passport,town hall
Wileen,Cosenza,1999-09-18,1381,17804,id,police
Lilith,Bartlett,1997-07-23,1382,14322,id,town hall
Misha,Eckblad,1992-12-07,1383,15706,id,police
Meriel,Yerkovich,1973-01-30,1384,12230,passport,police
Mamie,Jorgan,1974-01-26,1385,10922,id,town hall
Lanna,Cadmar,1968-12-02,1386,16081,id,police
Emelina,Girardo,1968-07-21,1387,10634,passport,police
Jeanna,Destinee,1993-02-02,1388,16863,id,town hall
Trudie,Duwalt,1952-06-01,1389,15113,id,police
Penelopa,Dunkin,1992-05-11,1390,18294,id,police
Sheree,Tarrant,1947-04-05,1391,18830,id,police
Carmencita,Willie,1990-07-16,1392,13761,passport,town hall
Lorenza,Daveta,1985-03-24,1393,18146,passport,police
Nikki,Edee,1957-02-16,1394,18116,id,town hall
Edyth,Llovera,1960-10-24,1395,13581,passport,town hall
Lita,Sinegold,1972-04-17,1396,19095,passport,town hall
Aigneis,Jefferey,1994-01-31,1397,18782,passport,town hall
Lynea,Valoniah,1958-05-05,1398,16760,passport,town hall
Karolina,Modie,1989-01-31,1399,10833,passport,town hall
Estell,Desai,1988-10-02,1400,14627,passport,police
Margarette,O'Neill,1973-10-19,1401,14108,passport,town hall
Marylou,Sheng,1940-01-28,1402,14379,passport,police
Clary,Mayeda,1992-08-15,1403,11104,id,town hall
Regina,Suzetta,1978-08-29,1404,14451,id,police
Pearline,Sherfield,1985-01-22,1405,18353,passport,town hall
Deirdre,Dorothy,1944-01-21,1406,14059,passport,police
Barbi,Cordi,1972-01-16,1407,15097,passport,town hall
Kassey,Lattie,1941-07-18,1408,13833,passport,town hall
Ivett,Zrike,1958-11-24,1409,12642,id,police
Dania,Grimbly,1987-05-22,1410,12302,id,town hall
Hannis,Egbert,1985-06-24,1411,16858,passport,police
Gertrud,Stilwell,1970-02-13,1412,13410,passport,police
Julieta,Letsou,1972-12-31,1413,17309,id,town hall
Ardys,Vharat,1974-06-25,1414,15460,passport,police
Sara-Ann,Chandler,1951-10-17,1415,14341,passport,police
Elmira,Dearborn,1999-02-27,1416,14687,passport,police
Agnese,Mitzi,1943-07-18,1417,15609,passport,town hall
Christy,Bebe,1994-03-01,1418,11049,passport,town hall
Corry,Lumbard,2000-03-12,1419,13738,id,town hall
Celisse,Decato,1952-03-05,1420,14295,id,town hall
Sharai,Halla,1947-03-21,1421,17126,id,town hall
Corene,Clarissa,1980-12-17,1422,14708,passport,town hall
Nonnah,Zola,1974-04-14,1423,14189,id,police
Madalyn,Matthew,1944-04-20,1424,19540,passport,town hall
Nikki,Read,1982-10-08,1425,13563,id,police
Jean,Riva,1959-11-05,1426,17793,passport,town hall
Letizia,Goldina,1969-10-26,1427,15778,id,town hall
Shirlee,Japeth,1999-09-07,1428,12565,id,police
Cristine,Seumas,1986-08-14,1429,15652,id,police
Sean,Michella,1946-10-20,1430,19625,id,town hall
Oralee,Cleo,1972-09-20,1431,18651,id,police
Kimberley,Doig,1995-01-10,1432,13628,passport,town hall
Lila,Dash,1987-03-17,1433,11992,passport,police
Quintina,Jethro,1977-06-28,1434,11518,passport,town hall
Regina,Giule,1997-10-17,1435,16761,id,town hall
Vanessa,Infield,1980-04-28,1436,19519,id,police
Rebeca,Annabella,1995-10-28,1437,17473,id,police
Aimil,Wallis,1994-03-27,1438,17618,passport,town hall
Maridel,Bibi,1991-02-14,1439,19096,passport,police
Marleah,Avi,1998-08-14,1440,11293,passport,town hall
Karina,Persse,1976-05-09,1441,13249,passport,police
Charmaine,Lindemann,1993-09-09,1442,17050,id,town hall
Maryellen,Etom,1943-10-31,1443,11766,id,police
Christal,Gualtiero,1943-07-04,1444,17410,id,town hall
Donetta,Erlandson,1984-11-29,1445,19054,id,police
Suzette,Obed,1961-12-20,1446,19797,id,town hall
Fredericka,Bollay,1959-08-03,1447,14371,passport,police
Alie,Mullane,1977-10-04,1448,12462,passport,police
Dennie,Audly,2000-11-18,1449,19156,passport,town hall
Korrie,Barney,1957-02-15,1450,11789,passport,police
Morganica,Stuart,1965-06-19,1451,11301,id,town hall
Frank,Gino,1996-07-31,1452,14819,id,town hall
Regina,Sherfield,1970-12-12,1453,19828,passport,police
Jaime,Brittani,1958-08-06,1454,14884,passport,police
Miquela,Milson,1980-11-28,1455,17037,passport,police
Mathilda,Dominy,1986-12-24,1456,11712,passport,police
Georgina,Adamsen,1981-06-06,1457,13823,passport,town hall
Karly,Liebermann,1977-05-16,1458,15136,passport,police
Margette,Lia,1983-05-11,1459,11332,id,police
Amii,Bultman,1967-11-10,1460,13785,id,police
Dorothy,Westphal,1947-08-30,1461,14966,passport,town hall
Ilse,Janene,1947-05-17,1462,15276,id,police
Lizzie,Joli,1957-08-12,1463,18913,passport,police
Malina,Luhe,1956-04-06,1464,19481,passport,police
Nanete,Delila,2000-10-08,1465,16826,id,police
Aaren,Kirstin,1992-02-05,1466,19365,passport,police
Karlee,Cosenza,1949-04-14,1467,10590,passport,police
Gale,Hazlett,1956-05-07,1468,17516,passport,town hall
Gloria,Swigart,1973-08-16,1469,13668,passport,police
Consuela,Sigfrid,1973-04-04,1470,16337,id,police
June,Bivins,1994-03-27,1471,14928,id,town hall
Gilligan,Saree,1968-12-14,1472,12724,passport,town hall
Nataline,Granoff,1950-10-16,1473,11110,id,town hall
Fanchon,McCutcheon,1992-03-06,1474,13514,passport,town hall
Lulita,Fulmer,1947-12-22,1475,11270,id,town hall
Lilith,Judye,1944-05-06,1476,16154,id,town hall
Laurene,Jalbert,1955-06-19,1477,18225,id,town hall
Sophia,Nedrud,1953-03-18,1478,18400,id,police
Kary,Truc,1964-02-19,1479,15031,passport,police
Karina,Lemuela,1985-07-27,1480,15313,id,police
Inga,Shama,1985-10-09,1481,11825,passport,town hall
Tarra,Cherianne,1947-04-26,1482,18765,id,police
Teriann,Frodi,1949-02-25,1483,19117,id,police
Gavrielle,Sinegold,1970-04-01,1484,12570,passport,police
Vita,Adore,1985-03-21,1485,14083,passport,town hall
Desirae,Lenny,1982-07-17,1486,15030,passport,town hall
Queenie,Socha,1948-07-14,1487,12951,passport,police
Gloria,Jerold,1960-12-08,1488,15383,passport,police
Katleen,Dosia,1997-06-30,1489,14791,passport,police
Monika,Alabaster,1964-06-02,1490,14792,id,police
Danika,Gahl,1954-10-05,1491,14391,id,police
Sheelagh,Jerold,1971-05-01,1492,15387,passport,town hall
Laure,Thar,1993-07-23,1493,11177,passport,police
Mara,Pitt,1971-11-01,1494,11175,passport,police
Layla,Yate,1969-10-04,1495,16227,passport,town hall
Agathe,Tjon,1978-05-18,1496,16799,id,police
Rebeca,Sophronia,1959-09-03,1497,15155,passport,police
Shaylyn,Lia,1979-11-20,1498,15098,id,town hall
Norine,Orpah,1977-08-15,1499,18492,id,town hall
Claresta,Screens,1967-06-03,1500,13319,passport,town hall
Glenda,Shields,1986-03-08,1501,14704,passport,police
Amalie,Oscar,1977-11-26,1502,12741,id,police
Belinda,Ventre,1967-03-26,1503,12173,id,police
Gwyneth,Blake,1991-07-05,1504,11353,id,police
Donetta,Creamer,1959-08-04,1505,19203,id,town hall
Ivett,Georgy,1997-03-23,1506,15921,passport,police
Anallese,Halsey,1976-11-15,1507,11276,id,town hall
Marcelline,Loleta,1997-09-21,1508,16219,passport,police
Arlina,Lesley,1992-09-07,1509,17376,passport,police
Ezmeralda,Nadia,1969-04-27,1510,16955,id,police
Dominga,Gahl,1956-03-17,1511,13159,id,town hall
Celisse,Brady,1971-03-17,1512,15013,id,town hall
Meghann,Claudine,1971-08-09,1513,17259,passport,town hall
Natka,Pauly,1982-06-29,1514,14047,id,town hall
Chastity,Freddi,1944-02-28,1515,14004,id,town hall
Beth,Herrera,1953-04-30,1516,19836,passport,police
Roslyn,Faro,1945-11-24,1517,12518,id,town hall
Corly,Phi,1953-04-15,1518,16601,passport,police
Queenie,Marlie,1958-09-22,1519,10508,id,police
Sibella,Kiersten,1954-08-12,1520,11096,passport,town hall
Barbara,Yorick,1955-11-27,1521,16266,passport,town hall
Marleah,Voletta,1955-05-08,1522,17973,id,town hall
Sashenka,Urias,1960-11-06,1523,15279,id,town hall
Ruthe,Leler,1956-10-13,1524,13963,id,town hall
Shauna,Kauppi,1956-02-01,1525,18904,id,town hall
Caritta,Taam,2000-08-26,1526,15114,id,town hall
Konstance,Pierette,1950-10-28,1527,15384,passport,town hall
Charissa,Ralfston,1959-08-03,1528,13990,id,police
Betta,Deny,1983-12-28,1529,17317,passport,police
Nannie,Salchunas,1992-11-30,1530,18055,id,town hall
Tarra,Clara,1975-04-14,1531,17148,passport,town hall
Bibby,Alfons,1946-03-04,1532,10958,passport,town hall
Ninnetta,Rustice,1987-03-01,1533,16065,passport,town hall
Jinny,Maurine,1947-05-15,1534,19139,passport,police
Vivia,Hillel,1947-08-08,1535,19436,id,town hall
Alejandra,Travax,1953-07-12,1536,18437,passport,town hall
Judy,Melan,1979-04-02,1537,14347,id,town hall
Beverley,Roche,1982-01-20,1538,11993,id,police
Marinna,Teryn,2000-01-19,1539,15116,id,police
Brana,Caitlin,1974-02-28,1540,12462,id,town hall
Philis,Erlandson,1969-03-25,1541,19927,id,police
Kalina,Aloise,1948-06-03,1542,18996,passport,town hall
Evita,Grimbly,1991-01-04,1543,17527,id,police
Clo,Seagraves,1973-09-14,1544,19299,id,town hall
Ketti,Ammann,1973-10-11,1545,15634,passport,town hall
Hermione,Warthman,1997-05-03,1546,14845,passport,police
Lesly,Newell,1992-11-19,1547,10905,passport,town hall
Dede,Melony,1959-06-04,1548,19159,id,police
Alyda,Wattenberg,1993-09-11,1549,10968,id,police
Concettina,Kussell,1980-05-25,1550,18366,id,police
Ericka,Nore,1986-05-05,1551,12764,passport,police
Alex,Fitzsimmons,1968-06-25,1552,19283,passport,town hall
Hallie,Corrine,1949-03-22,1553,15771,id,town hall
Kristan,Merriott,1995-08-10,1554,11401,passport,town hall
Susette,Cosenza,1980-12-18,1555,19317,id,police
Elfreda,Ferrell,1999-07-21,1556,19664,passport,town hall
Gale,Faso,1952-06-10,1557,13063,passport,police
Kenna,Lia,1959-07-08,1558,17162,id,police
Calla,Vernier,1955-11-16,1559,15974,passport,police
Gisela,Pierette,1953-05-15,1560,15157,passport,town hall
Hannis,Vastah,1999-02-01,1561,19425,passport,town hall
Deirdre,Colyer,1976-07-02,1562,17409,passport,police
Arabel,Tamar,1962-01-02,1563,10760,passport,town hall
Marti,Dominy,1980-02-29,1564,13796,id,town hall
Sissy,Cohdwell,1962-07-25,1565,17734,id,town hall
Jaime,Ader,1979-11-04,1566,16836,id,town hall
Clo,Irmine,1984-09-04,1567,19653,id,police
Belinda,Dyche,1992-11-29,1568,11667,id,police
Sybille,Jacobah,1977-02-11,1569,13558,id,town hall
Loree,Destinee,1972-09-22,1570,12539,id,police
Zaria,Kronfeld,1954-11-13,1571,17354,passport,police
Zia,Johanna,1987-12-02,1572,13933,passport,police
Agathe,Masao,1961-12-21,1573,14078,id,police
Aubrie,Maryanne,1974-01-12,1574,17325,id,town hall
Dulcinea,Fink,1984-09-26,1575,14046,id,town hall
Alisha,Miru,1951-04-25,1576,15145,id,town hall
Basia,Pearse,1978-01-12,1577,17709,id,police
Ardenia,Leffen,1950-04-08,1578,14637,passport,police
Cassandra,Winthorpe,1966-06-21,1579,19102,id,police
Mady,Isidore,1950-01-31,1580,10888,id,police
Belinda,Ingra,1940-12-03,1581,13188,id,town hall
Selma,Weide,1953-12-27,1582,17678,passport,town hall
Pearline,Noman,1942-08-06,1583,18566,id,police
Mary,Sprage,1964-01-17,1584,13496,passport,town hall
Fawne,Halsey,1949-11-28,1585,14381,id,town hall
Justinn,Lay,1992-01-01,1586,17789,passport,town hall
Teddie,Arley,1945-08-12,1587,11283,passport,town hall
Linzy,Sawtelle,1947-07-17,1588,19853,passport,police
Annaliese,Stephie,1946-02-07,1589,11776,passport,town hall
Raquela,Rosalba,1966-09-25,1590,16342,passport,police
Mignon,Cressida,1996-07-31,1591,19478,id,town hall
Feliza,Cornelia,1977-08-20,1592,14269,id,town hall
Gisela,Ciapas,1969-10-14,1593,11981,id,town hall
Morganica,Ackerley,1978-09-12,1594,13389,passport,town hall
Cherrita,Eno,1983-01-21,1595,12385,passport,police
Elka,Gale,1945-03-10,1596,18676,id,town hall
Daune,Morrill,1978-02-04,1597,12899,id,police
Flo,Dawkins,1983-07-08,1598,13750,passport,town hall
Suzette,Roxanna,1958-04-23,1599,19166,id,town hall
Carmela,Isacco,1998-09-19,1600,15890,passport,town hall
Almeta,Atcliffe,1950-03-10,1601,17277,id,town hall
Gilligan,Andrel,1977-04-05,1602,17426,id,town hall
Janey,Lacombe,1962-01-06,1603,15861,passport,town hall
Shirlee,Maiah,1991-05-22,1604,16264,passport,police
Rebeca,Land,1955-03-14,1605,15082,id,town hall
Joceline,Phaidra,1993-01-20,1606,16625,id,town hall
Melanie,Posner,1958-12-31,1607,17557,id,police
Sindee,Latini,1978-08-25,1608,13484,id,police
Etta,Armanda,1980-09-12,1609,13000,passport,police
Vevay,Melan,1965-08-15,1610,17050,id,police
Chloris,Seessel,1943-04-28,1611,12384,passport,town hall
Fredericka,Charity,1943-11-21,1612,14589,id,town hall
Luci,Lumbard,1986-06-01,1613,19638,id,police
Dyann,August,1979-03-26,1614,16528,passport,town hall
Marguerite,Hillel,1954-06-06,1615,15832,passport,town hall
Oona,LaRue,1982-09-09,1616,10855,passport,police
Ayn,Lorenz,1999-07-01,1617,11402,id,police
Averyl,Kellby,2000-11-19,1618,11945,passport,town hall
Karlee,Middleton,2000-08-26,1619,19459,passport,town hall
Benita,Bluh,1941-06-28,1620,11400,id,police
Annora,Han,1966-09-22,1621,13915,passport,police
Xylina,Syd,1962-12-09,1622,13343,id,police
Edee,Nore,1993-09-28,1623,19118,passport,town hall
Rochette,Screens,1973-12-18,1624,11336,id,town hall
Livvyy,Hertzfeld,1991-07-21,1625,12385,id,town hall
Helena,Maurine,1969-09-10,1626,14902,passport,police
Kalina,Chem,1943-07-29,1627,19321,id,town hall
Leontine,Herrera,1970-03-29,1628,19534,passport,police
Hyacinthe,Plato,1994-04-19,1629,12134,id,police
Fredericka,Old,1944-12-17,1630,19401,id,town hall
Ulrike,Sigfrid,1955-12-27,1631,15812,passport,town hall
Beverley,Elsinore,1987-08-10,1632,16812,id,police
Ellette,Dyche,1970-09-03,1633,14448,id,police
Mildrid,Means,1949-08-17,1634,18778,id,town hall
Elie,Rozanna,1964-12-08,1635,18780,id,town hall
Nataline,Afton,1955-06-24,1636,13585,id,police
Angela,Blisse,1975-07-26,1637,15196,id,town hall
Dawn,Egbert,1997-03-20,1638,18178,id,town hall
Karlee,Raul,1946-02-05,1639,15254,passport,police
Joceline,Braun,1952-01-26,1640,14890,id,police
Misha,Pozzy,1942-06-05,1641,10756,id,town hall
Madelle,Roumell,1983-12-15,1642,14096,id,police
Caressa,Merell,1943-04-07,1643,12972,passport,town hall
Merci,Bebe,1984-03-02,1644,19131,id,police
Bee,Engdahl,1954-03-21,1645,18203,passport,town hall
Netty,Audly,1992-05-28,1646,11924,passport,police
Lenna,Nisbet,1989-01-16,1647,15928,passport,town hall
Kathi,Fadiman,1994-02-20,1648,18469,passport,town hall
Ericka,Odysseus,1949-05-15,1649,19563,id,town hall
Molli,Kazimir,1946-11-06,1650,19030,passport,police
Nollie,Whiffen,1945-06-10,1651,13552,passport,town hall
Melisent,Caitlin,1949-06-21,1652,10913,id,town hall
Leeanne,Gherardo,1957-03-20,1653,15992,id,town hall
Amalie,Persse,1975-03-23,1654,15272,id,town hall
Queenie,Juliet,1944-10-07,1655,19145,passport,town hall
Deedee,Fax,1984-10-11,1656,19767,passport,police
Riannon,Annabella,1968-06-26,1657,17276,id,police
Kelly,Bonilla,1940-09-09,1658,18283,id,police
Basia,Hubert,1994-10-12,1659,19241,passport,police
Carmencita,Daveta,1973-08-03,1660,17187,passport,police
Jenda,Leary,1992-01-03,1661,14740,passport,town hall
Priscilla,Brady,1962-10-01,1662,15613,passport,town hall
Barbara,Roscoe,1995-07-14,1663,16674,passport,town hall
Amelia,Denis,1992-10-17,1664,15876,id,police
Vonny,Pond,1973-01-05,1665,17786,id,police
Sarette,Clarissa,1984-11-21,1666,17934,id,police
Wendi,Teryn,1985-03-23,1667,17050,passport,police
Libbie,Merat,1980-02-24,1668,12965,id,police
Felice,Quinn,1950-05-28,1669,19672,id,town hall
Lizzie,Westphal,1950-04-13,1670,19994,passport,town hall
Miquela,Rosalba,1982-07-21,1671,14355,passport,police
Mamie,Naashom,1997-02-24,1672,11639,passport,police
Linzy,Schenck,1993-09-22,1673,15626,passport,police
Ethel,Travax,1981-02-08,1674,11956,passport,town hall
Viki,Geffner,1956-05-14,1675,15167,passport,town hall
Bertine,Colp,1954-02-18,1676,17251,passport,police
Gui,Hollingsworth,1973-07-26,1677,19439,passport,town hall
Brynna,Magnolia,1951-02-11,1678,12288,passport,town hall
Nariko,Wesle,1943-09-20,1679,12297,passport,police
Emma,Garlinda,1975-02-17,1680,18385,passport,town hall
Orsola,Primalia,1996-11-17,1681,15631,id,town hall
Andeee,Florina,1997-01-26,1682,10729,id,police
Sybille,Malina,1955-10-07,1683,11500,passport,town hall
Gaylene,Zrike,1978-12-19,1684,12269,passport,police
Maye,Merell,1997-09-27,1685,19146,passport,town hall
Tatiania,Erskine,1962-03-18,1686,12073,id,police
Sean,Helve,1973-08-31,1687,17538,passport,police
Tersina,Roche,2000-10-16,1688,12948,passport,police
Lanae,Libna,1951-03-31,1689,10524,id,police
Orelia,Trey,1948-10-01,1690,12911,id,town hall
Emma,Sancho,1941-10-26,1691,12797,id,town hall
Flory,Bouchard,1989-07-25,1692,12977,passport,town hall
Annice,Slifka,1978-04-27,1693,11508,passport,town hall
Tomasina,Lareena,1991-09-07,1694,12004,passport,police
Ira,Smitt,1962-06-16,1695,17025,passport,town hall
Correy,Sandye,1977-05-24,1696,13406,passport,town hall
Caressa,Koziara,1956-11-16,1697,18091,passport,town hall
Shannah,Isidore,1945-06-04,1698,14282,id,town hall
Anica,Belanger,1982-07-09,1699,16631,passport,police
Isa,Allina,1977-01-19,1700,16980,id,police
Sindee,McClimans,1977-09-23,1701,15756,passport,police
Ira,Screens,1954-07-29,1702,19300,id,police
Dede,Franza,1953-07-04,1703,18105,passport,town hall
Britte,Mayeda,1976-12-15,1704,11943,passport,town hall
Kaia,Sperling,1969-02-03,1705,15301,passport,town hall
Amalie,Clywd,1942-09-05,1706,10789,passport,police
Raf,Vastah,1940-02-08,1707,16163,passport,police
Pollyanna,Romelda,1973-10-03,1708,11149,id,town hall
Ricky,Anestassia,1978-05-07,1709,11766,id,town hall
Nyssa,Linehan,1956-07-13,1710,11632,id,town hall
Netty,Erlandson,1984-02-01,1711,12106,id,town hall
Dulcinea,Joseph,1983-09-10,1712,15193,passport,police
Julieta,Rozanna,1961-08-13,1713,19080,id,town hall
Carol-Jean,Fairweather,1968-02-28,1714,19006,passport,police
Leeanne,Abbot,1997-08-13,1715,11539,id,police
Elka,Schalles,1967-07-28,1716,19608,passport,police
Codie,Lia,1993-02-08,1717,15996,id,town hall
Allyce,Terencio,1984-08-02,1718,13827,id,police
Janis,Hoenack,1982-06-02,1719,13353,passport,town hall
Modestia,O'Rourke,1940-06-27,1720,15691,id,police
Gavrielle,Fax,1994-03-07,1721,17016,passport,police
Esmeralda,Cohdwell,1990-09-27,1722,15848,id,police
Joelly,Hepsibah,1947-11-26,1723,14106,passport,police
Lila,Toor,2000-07-27,1724,12105,passport,town hall
Suzette,Cressida,1975-01-16,1725,14102,passport,town hall
Collen,Tatianas,1970-01-09,1726,18906,id,police
Siana,Lesley,1965-09-11,1727,12909,passport,police
Emma,Liva,1985-01-24,1728,16885,passport,town hall
Asia,Wooster,1963-05-05,1729,11180,id,police
Tera,Waldron,1942-10-23,1730,18958,id,police
Christy,Pettiford,1969-06-23,1731,15098,passport,police
Yetty,Kazimir,1974-03-16,1732,17058,passport,police
Leanna,Orelee,2000-05-05,1733,12144,id,town hall
Molli,Glovsky,1999-01-13,1734,14966,id,town hall
Marleah,Goode,1991-10-02,1735,17324,passport,police
Gale,Fabiola,1980-04-25,1736,19952,id,town hall
Frieda,Kronfeld,1987-02-06,1737,15023,id,town hall
Darlleen,Junie,1978-02-09,1738,18302,passport,police
Lorie,Podvin,1974-08-23,1739,18990,passport,police
Andree,Madaih,1995-04-19,1740,17380,id,police
Carol-Jean,Llovera,1941-08-21,1741,15646,id,police
Kara-Lynn,Roscoe,1963-04-30,1742,13664,passport,town hall
Leanna,Gregrory,1975-01-30,1743,12403,passport,police
Jere,Liva,1984-01-31,1744,10681,id,police
Blondelle,Chobot,1995-02-24,1745,12467,passport,town hall
Caressa,Kinnard,1979-10-02,1746,11403,passport,police
Vevay,Grayce,1989-01-14,1747,16218,id,police
Laure,Chaing,1980-04-04,1748,18575,passport,town hall
Suzette,Bennie,1976-03-05,1749,18974,passport,police
Binny,Ledah,1968-05-07,1750,13378,id,police
Laurene,Mathilde,1996-11-12,1751,12737,passport,police
Nikki,Lemuela,1982-11-16,1752,16471,id,town hall
Wileen,Jerald,1971-08-12,1753,18116,passport,town hall
Elena,Kaja,1990-07-09,1754,18602,id,town hall
Drucie,Grimbly,1975-05-16,1755,19683,passport,police
Shaine,Calhoun,1978-06-19,1756,13799,passport,town hall
Courtnay,Simmonds,1968-11-16,1757,11288,passport,police
Annaliese,Arne,1978-11-11,1758,14991,id,town hall
Emmey,Parsaye,1997-11-12,1759,13965,id,police
Esmeralda,Aprile,1980-02-17,1760,18393,id,town hall
Bertine,Kazimir,1999-12-02,1761,12974,id,police
Ermengarde,Malanie,1995-07-05,1762,18633,id,police
Sadie,Romelda,1998-11-03,1763,18008,passport,police
Tami,Brieta,1985-03-26,1764,12793,passport,town hall
Brianna,Orelee,1978-03-18,1765,12997,id,town hall
Christian,Buckler,1942-05-12,1766,14572,id,town hall
Tatiania,Euridice,1976-09-28,1767,13393,passport,police
Misha,Vanni,1989-12-04,1768,16619,passport,town hall
Zondra,Garrison,1958-03-30,1769,12034,passport,town hall
Viviene,Boycey,1985-09-27,1770,10755,id,police
Ronna,Earlie,1977-09-08,1771,11069,id,town hall
Max,Breed,1996-09-07,1772,11233,passport,police
Chandra,Cynar,1943-06-03,1773,17350,id,town hall
Estell,Klotz,1991-04-13,1774,17992,passport,police
Randa,Hylan,1973-08-13,1775,15003,passport,police
Valera,Blase,1962-01-21,1776,13224,id,town hall
Carolina,Parette,1973-08-11,1777,15008,passport,town hall
Lonnie,Brackely,1949-05-24,1778,10938,passport,town hall
Malina,Dielu,1950-05-28,1779,19732,id,town hall
Merry,Durware,1946-02-24,1780,18224,passport,town hall
Susan,Abram,1951-08-16,1781,16364,id,town hall
Viviene,Stanwood,1999-09-30,1782,19701,passport,police
Norine,Elbertina,1948-05-11,1783,17648,id,town hall
Janis,Cleo,1974-10-20,1784,17461,id,town hall
Valli,Mendez,1941-01-25,1785,12330,passport,police
Kimmy,Capello,1998-04-07,1786,13731,id,police
Anthia,Kaja,1944-01-17,1787,17445,id,town hall
Amii,Autrey,1955-05-31,1788,12728,id,town hall
Janey,Lasley,1957-08-20,1789,12617,id,town hall
Nananne,Albertine,1971-12-15,1790,16588,id,town hall
Pamella,Beebe,1943-09-06,1791,16823,id,police
Anestassia,Krystle,1962-04-23,1792,16690,id,police
Elsie,Joseph,1958-11-21,1793,13934,id,police
Fredericka,Jeanne,1983-11-15,1794,19656,passport,police
Jacquetta,Seessel,1949-02-26,1795,12261,id,police
Leia,Cordi,1942-09-23,1796,17561,id,town hall
Bernie,Buckler,1940-02-14,1797,13471,passport,town hall
Hollie,Tengdin,1991-10-18,1798,18361,passport,police
Penelopa,Mathilde,1976-04-30,1799,13490,id,town hall
Aimil,Chick,1985-06-06,1800,17445,id,town hall
Camile,Westphal,1944-02-08,1801,18567,passport,town hall
Lyssa,Roarke,1947-08-13,1802,13534,passport,town hall
Mady,Halsey,1976-09-24,1803,15605,id,town hall
Oona,Decato,1948-05-09,1804,17102,passport,town hall
Bettine,Alwin,1945-02-17,1805,19605,passport,police
Sophia,Bohlin,1945-03-21,1806,17452,passport,police
Norine,Mathilde,1968-09-07,1807,16877,id,town hall
Alameda,Arathorn,1979-08-29,1808,14709,passport,town hall
Caritta,Lauraine,1970-09-17,1809,15960,id,town hall
Thalia,Bow,1969-04-10,1810,18064,passport,town hall
Konstance,Amadas,1968-11-28,1811,16803,id,town hall
Bobbi,Leopold,1956-08-26,1812,13125,passport,police
Janey,Granoff,1958-02-09,1813,19004,id,town hall
Stephanie,Maxi,1961-06-07,1814,13294,id,town hall
Consuela,Connelly,1969-02-18,1815,12368,passport,police
Edith,Phyllis,1978-05-25,1816,14995,id,police
Minda,Larochelle,1940-09-22,1817,10544,id,town hall
Ada,Colbert,1962-07-14,1818,17219,passport,town hall
Clarice,Estella,1996-08-19,1819,18348,passport,town hall
Laure,Zeeba,1973-05-22,1820,19801,passport,police
Roz,Eachern,1980-03-20,1821,17914,id,police
Doro,Wareing,1950-06-25,1822,16314,passport,police
Max,Corrine,1971-02-11,1823,18196,id,town hall
Charissa,Darrell,1977-02-25,1824,17872,id,police
Sonni,Joeann,1988-01-07,1825,18243,id,town hall
Lolita,Hamil,1997-10-22,1826,13513,id,town hall
Kary,Pozzy,1999-02-04,1827,11673,id,town hall
Lila,Nisbet,1987-04-14,1828,18565,passport,town hall
Amelia,Cavan,1946-07-14,1829,11364,id,town hall
Gui,Ranjiv,1970-03-22,1830,18069,id,police
Krystle,Harl,1942-10-23,1831,18941,passport,town hall
Aeriela,Amethist,1946-04-28,1832,12282,passport,town hall
Stevana,Barrus,1984-03-13,1833,12667,id,town hall
Genevra,Carri,1996-10-16,1834,11812,passport,police
Eugine,Gladstone,1957-06-08,1835,14825,id,police
Orelia,Cordi,1996-06-26,1836,19688,passport,police
Bee,Myrilla,1957-10-02,1837,14241,id,police
Kial,Raimondo,1961-05-14,1838,18214,id,police
Aigneis,Rheingold,1958-05-09,1839,17507,passport,police
Nikki,Ursulette,1946-10-31,1840,19219,id,police
Melodie,McClimans,1965-04-22,1841,19142,passport,police
Devina,Bach,1982-12-18,1842,10918,passport,town hall
Elbertina,Arley,1974-07-21,1843,12994,passport,town hall
Meg,Niccolo,1967-06-22,1844,11148,passport,town hall
Shaylyn,Bury,1967-10-09,1845,13274,passport,town hall
Kirstin,Margret,1946-05-19,1846,17936,passport,police
Almeta,Bollay,1991-11-15,1847,12582,id,town hall
Sandie,MacIntosh,1976-12-03,1848,14533,id,police
Pamella,Isacco,1975-03-02,1849,15853,id,town hall
Esmeralda,Natalia,1940-08-15,1850,19930,passport,police
Ida,Riva,1991-10-11,1851,18291,id,town hall
Barbara,Ludewig,1981-06-28,1852,11373,id,town hall
Dale,My,1971-01-06,1853,19618,passport,town hall
Cissiee,Zeeba,1997-03-09,1854,19106,passport,police
Audrie,Slifka,1986-10-20,1855,19280,id,town hall
Mignon,Bluh,1949-11-24,1856,19042,id,police
Vivia,Lindemann,1979-11-16,1857,13549,id,town hall
Sashenka,Aldric,1967-01-18,1858,18872,id,town hall
Sophia,Kirbee,1949-01-17,1859,10644,id,police
Shaine,Lenny,1975-06-10,1860,11882,passport,town hall
Flory,Karylin,1988-10-22,1861,19185,passport,town hall
Kristan,Lamoree,1989-04-22,1862,11490,passport,police
Aigneis,Mott,1991-10-05,1863,15309,passport,police
Sonni,Noelyn,1942-07-05,1864,18515,passport,town hall
Farrah,Masao,1969-10-06,1865,10644,passport,town hall
Briney,Ochs,1972-06-10,1866,19879,passport,police
Korrie,Stacy,1979-10-27,1867,14731,id,town hall
Selia,Lasley,1975-12-06,1868,17806,passport,police
Eugine,Wooster,1953-03-12,1869,18169,passport,town hall
Winifred,Larochelle,1989-10-01,1870,12403,id,town hall
Nerta,Dichy,1964-07-08,1871,18459,id,police
Ezmeralda,Kronfeld,1958-01-21,1872,14244,passport,police
Laurene,Elephus,1972-02-04,1873,15136,passport,town hall
Harmonia,Wilkinson,1966-04-15,1874,16676,id,police
Bibby,Danby,1973-03-23,1875,14833,id,town hall
Viki,Hieronymus,1980-12-18,1876,19330,passport,police
Karolina,Mayeda,1942-08-24,1877,14220,passport,police
Raina,Myrilla,1990-12-04,1878,12544,passport,town hall
Jsandye,Cleo,1967-10-01,1879,13776,passport,town hall
Asia,Larochelle,1981-01-20,1880,15881,passport,town hall
Mady,Fabiola,1973-02-19,1881,13789,id,town hall
Vevay,Louanna,1993-08-30,1882,14680,id,police
Adriana,Soneson,1972-05-01,1883,19471,id,police
Drucie,Winnick,1966-10-17,1884,16970,id,town hall
Arlena,Kaete,1947-06-03,1885,12677,passport,police
Sashenka,Thilda,1983-02-08,1886,14285,passport,police
Danny,Jaylene,1982-06-04,1887,12240,passport,town hall
Adore,Vharat,1975-12-27,1888,11144,passport,police
Vinita,Bebe,1991-08-19,1889,13993,id,town hall
Almeta,Madox,1950-07-31,1890,15628,id,police
Yolane,Roumell,1961-07-25,1891,17676,id,police
Zaria,Schonfeld,1993-10-28,1892,12610,id,town hall
Misha,Nelsen,1972-03-23,1893,12123,passport,police
Merci,Horan,1985-05-23,1894,19946,id,town hall
Nelle,Peonir,1959-05-31,1895,18113,id,town hall
Aurore,Bury,1963-05-24,1896,19202,passport,police
Bettine,Xerxes,1971-08-06,1897,17932,id,police
Pierette,Corrine,1943-08-25,1898,14703,passport,town hall
Nicoli,Tatianas,1990-07-18,1899,19385,id,police
Shauna,Laverne,1998-05-30,1900,13861,passport,police
Ariela,Ledah,1943-04-05,1901,16100,id,police
Gaylene,Jalbert,1995-09-22,1902,16077,id,town hall
Lita,Clara,1948-06-28,1903,18373,passport,town hall
Britte,Sherfield,1943-07-15,1904,19900,passport,town hall
Inga,Anton,1977-10-23,1905,17848,passport,police
Leona,Elisha,1984-01-19,1906,17404,passport,police
Madeleine,Judye,1978-05-27,1907,11678,passport,police
Kimberley,Havens,1986-02-27,1908,10513,id,police
Stevana,Podvin,1993-08-18,1909,16884,passport,police
Michaelina,Dichy,1983-05-18,1910,13939,passport,police
Jenilee,Schonfeld,1966-08-12,1911,15105,passport,police
Clary,Jena,1968-12-24,1912,14504,id,town hall
Linet,Brandice,1988-04-23,1913,15940,passport,police
Jaime,Abbot,1947-02-25,1914,17870,passport,police
Shandie,Roxanna,1961-06-28,1915,19104,id,police
Jillayne,Read,1963-08-18,1916,17545,id,town hall
Perry,Burnside,1985-02-04,1917,16741,passport,police
Katleen,Jarib,1949-06-06,1918,14809,id,town hall
Nickie,Thar,1976-06-10,1919,13908,id,town hall
Angelique,Hillel,1977-10-15,1920,19815,id,police
Ada,Alejoa,1954-11-28,1921,10522,passport,police
Thalia,Chaing,1997-02-04,1922,14793,id,town hall
Marinna,Land,1970-10-17,1923,12873,id,police
Bernie,Kannry,1969-01-04,1924,18974,passport,police
Steffane,Leifeste,1956-06-03,1925,15955,id,town hall
Nikki,Chandler,1952-06-19,1926,13000,id,town hall
Ofilia,Rosette,1994-05-14,1927,12495,passport,town hall
Meriel,Sasnett,1988-02-10,1928,18343,id,town hall
Felice,Gwenore,1997-01-19,1929,10540,id,town hall
Frances,Hessler,1967-06-07,1930,19189,passport,police
Aeriela,Creamer,1972-11-12,1931,10521,passport,town hall
Vere,Havens,1946-07-12,1932,11872,id,police
Laure,Goddard,1954-08-03,1933,10685,passport,town hall
Chastity,Carvey,1975-05-15,1934,12349,passport,town hall
Edyth,Eldrid,1992-10-21,1935,16497,id,town hall
Fred,Bennie,1950-01-23,1936,12045,id,town hall
Susette,Braun,1949-11-09,1937,16915,id,town hall
Roberta,Quent,1960-03-29,1938,11537,passport,police
Helena,Milde,1946-09-22,1939,18571,id,town hall
Mara,Arley,1986-09-27,1940,19271,id,town hall
Kylynn,Genna,1991-06-23,1941,15706,passport,town hall
Brandise,Kosey,1990-09-27,1942,12779,id,police
Ruthe,Kaete,1962-11-04,1943,16576,passport,police
Claudina,Cordi,1999-07-23,1944,19624,passport,police
Devina,Zenas,1990-12-31,1945,17524,passport,town hall
Nananne,Naor,1977-02-03,1946,14249,id,police
Catrina,Dyche,1992-01-25,1947,17998,passport,police
Andeee,Darian,1984-03-16,1948,10603,id,town hall
Kamilah,Amasa,1970-02-10,1949,17576,id,town hall
Madeleine,Dorcy,1976-02-12,1950,12167,id,town hall
Clary,Nunci,1982-01-22,1951,10680,passport,police
Keelia,Ezar,1974-01-16,1952,14102,id,police
June,Screens,1980-08-03,1953,11423,passport,town hall
Adelle,Brandice,1953-09-27,1954,11537,passport,town hall
Corry,Helfand,1982-03-29,1955,12874,passport,police
Candy,Joni,1980-06-06,1956,17312,id,town hall
Benita,Stefa,1951-04-25,1957,17568,passport,police
Ermengarde,Kimmie,1953-06-25,1958,16366,id,police
Kirbee,Huggins,1983-12-02,1959,13002,passport,police
Trudie,Juliet,1969-04-25,1960,12236,passport,police
Karlee,Joachim,2000-07-06,1961,16106,passport,police
Vivia,Stoller,1987-12-30,1962,12339,passport,police
Beverley,Connelly,1945-06-18,1963,19497,passport,town hall
Queenie,Garrison,1991-12-08,1964,14243,id,police
Concettina,Jenness,1970-08-09,1965,15827,passport,police
Kylynn,Raffo,1947-09-05,1966,17666,id,town hall
Ottilie,Hanshaw,1972-11-12,1967,10623,passport,police
Letizia,Phaidra,1950-10-17,1968,11824,passport,police
Frieda,Ammann,1972-09-06,1969,16576,passport,police
Jacquetta,Jobi,1952-06-08,1970,14750,passport,town hall
Melisent,Phi,1970-10-10,1971,11525,id,town hall
Dolli,Douglass,1996-03-16,1972,11514,passport,town hall
Lily,Casimir,1953-02-14,1973,19603,id,police
Doro,Cornelia,1972-03-22,1974,15430,id,police
Jany,Niles,1962-06-26,1975,11312,id,police
Chickie,Wilona,1997-02-06,1976,10555,id,town hall
Cyb,Dalli,1940-08-29,1977,19216,passport,police
Malina,Presber,1988-02-26,1978,14758,passport,police
Dorthy,Kannry,2000-10-05,1979,13267,passport,police
Florie,Cassius,1988-03-25,1980,19373,passport,town hall
Glenda,Callista,1951-08-24,1981,12484,passport,police
Wileen,Schroth,1948-09-16,1982,19075,id,police
Lindie,Bergman,1970-06-13,1983,12927,passport,police
Elyssa,Lymann,1940-09-05,1984,16780,id,police
Lyssa,Roumell,1969-01-24,1985,13482,id,town hall
Jenilee,Marisa,1940-08-30,1986,18778,passport,town hall
Marnia,Natalia,1978-11-01,1987,18385,passport,town hall
Fred,Chaing,1979-11-15,1988,19430,id,town hall
Lanna,Shirberg,1951-12-07,1989,11970,id,town hall
Estell,Tippets,1985-05-14,1990,14716,passport,police
Bobinette,Jorgan,1980-10-29,1991,11617,id,police
Eve,Raychel,1970-02-17,1992,15308,id,town hall
Jany,Liva,1947-05-06,1993,15655,id,police
Kaia,Nikaniki,1985-12-02,1994,18589,passport,town hall
Marylou,Podvin,1954-12-09,1995,18970,id,police
Nessie,Lumbard,1953-10-06,1996,15619,id,town hall
Letizia,Shanley,1972-06-19,1997,18859,id,town hall
Marjie,Waldron,1949-12-14,1998,11267,id,town hall
Bernie,Xerxes,1997-09-22,1999,14747,passport,police